first_name,last_name,email,address,phone_number,ssn,dob,job_title,company,salary,password
Scott,Snow,mjames@example.com,"906 Nicholas Port
Melanieland, WY 56031",001-322-220-6468x122,631-28-1706,1984-03-06,"Librarian, academic","Gordon, Carter and Lowe",32902,wf33Mgr5R%*!
Daniel,Knox,greyes@example.org,"159 Maria Station Apt. 325
Wellsmouth, WI 07871",796.988.5752,649-82-7060,1979-07-11,Veterinary surgeon,Newton-Cardenas,59722,Yq5SVxrJ!ntv
Theresa,Wright,dmorales@example.net,"091 Cooper Dale
West Nancyland, WI 49966",005-923-1996x6824,878-04-4741,2006-10-16,Medical sales representative,Garcia-Brown,114316,A4hyX7cXJH+6
Stacey,Riggs,nathanfisher@example.com,"2963 Elizabeth Divide Apt. 006
Christopherside, CA 29440",799-387-5430,089-92-9566,1992-03-26,Race relations officer,Reed and Sons,119912,)cE0uo57O7#Y
Crystal,Byrd,clarkcarl@example.org,"72094 Sherman Island
Stevenmouth, MT 03190",+1-550-854-9257,520-63-7693,2023-09-08,Control and instrumentation engineer,"Carlson, Howard and Fox",118569,gL$ONkk!*b09
Janice,Ryan,anthonymiranda@example.org,"594 Hodges Drive
South Kimberly, IN 69447",001-465-772-8050x4123,505-47-8234,1955-08-04,Research scientist (life sciences),Richardson and Sons,65935,yH+y$4cfW&_3
Bruce,Beard,caitlin82@example.org,"33778 Branch Plains Suite 840
Floreston, LA 96602",9120298808,570-40-8171,2010-01-24,"Editor, commissioning","Garcia, Sanders and King",47541,Qd2Iykk)PS@(
Tiffany,Lee,nathanwilson@example.net,"Unit 4027 Box 9856
DPO AE 13009",180-797-8018x183,345-93-5292,1914-12-05,"Investment banker, corporate",Ford-Vargas,80756,_y1fvZ3yn0a$
Joshua,Jones,figueroapaul@example.org,"153 Anita Plaza Apt. 580
Craigport, ME 31467",+1-050-635-3998x81715,577-90-7558,2004-11-11,Ecologist,Green Ltd,116146,+cVOW7#d^2)r
Rebecca,Buchanan,clayderek@example.org,"6524 Diana Spring
New Michaelland, HI 41571",+1-603-868-2908x65582,657-35-4345,1991-01-29,"Engineer, energy","Harris, Walker and Robinson",131949,&19FzBI5#*b7
Melissa,Wilson,ebailey@example.net,"674 James Mountain
South Charlesburgh, AL 20624",+1-335-430-9116,819-79-0385,1990-05-06,Advice worker,Rowe Ltd,94719,)dbM8tq)^b5Q
Robin,Reed,jfleming@example.net,"Unit 4765 Box 7572
DPO AE 63467",2682566675,755-08-3389,1969-07-02,Patent examiner,Ruiz Group,72915,%J0CW4t_*1DR
Adam,Moore,paulataylor@example.com,"2219 Anthony Summit Apt. 359
Tranberg, WV 21947",(394)250-3598x412,875-42-9021,2011-09-26,Housing manager/officer,Anderson Inc,39003,$xoas99&56G^
Tyrone,Gomez,kayla91@example.org,"07754 Justin Keys
West Christiantown, NC 06379",7110552674,763-53-5623,2004-10-07,Video editor,Jackson-Wilson,136128,&(Pdho(v+h5Y
Mary,Elliott,ylawrence@example.net,"24356 Clark Rest Suite 355
Lake Alexanderview, NJ 51337",7891170925,062-90-9348,1959-09-02,Futures trader,Mathews Group,120959,+77WkZzR@56U
Bill,Wade,branchlauren@example.org,"9948 Brian Mountains
East Nicole, DC 04592",+1-058-668-1146,547-79-9164,1920-12-24,"Engineer, control and instrumentation",Underwood LLC,44013,56#XgImE)n8G
Abigail,Richard,lindseylucero@example.com,"64266 Todd Rapid Apt. 667
Johntown, MD 73525",261-574-2810x0111,652-35-4589,1958-11-11,"Teacher, adult education",Hamilton Group,135508,5cH)8#Zd*8&7
Carla,Sanders,joshua70@example.org,"77171 Blevins Expressway
Boydmouth, WA 53254",089-703-2909x169,845-97-9594,1997-07-27,Licensed conveyancer,"Cardenas, Johnson and Ortiz",104679,#@jrVfjm*B3Z
Natasha,Hawkins,christine43@example.com,"USCGC Simmons
FPO AE 39600",001-981-737-5365x482,305-38-7688,1951-12-12,Copy,Matthews Inc,129471,cA1(v^5@%QSs
Gerald,Beck,hweaver@example.net,"94073 Timothy Mission Apt. 279
Davisshire, ND 46549",422.070.7629x3697,613-51-4036,2000-03-14,"Therapist, music",Gonzalez Inc,85549,sl89VJmd%bK9
Garrett,Nguyen,gpeters@example.net,"2740 Rivera Parkway Suite 401
South Eric, SC 15186",+1-149-687-2460x83097,804-97-2438,1979-06-23,Air traffic controller,Anderson PLC,145181,#Z2RK6Ic&MVh
Ian,Thompson,joshua66@example.net,"6279 Brown Green Suite 451
Robertsonside, VA 52749",(467)685-3077x3610,597-11-6246,1972-09-02,Sports coach,Weaver-Silva,60905,w&2QYldL@3B@
Leonard,Baker,kelli10@example.net,"67970 Mccoy Light Suite 125
Jonesstad, DE 43248",+1-897-220-5279x171,047-92-4822,1948-08-20,Environmental manager,"Peterson, Knox and Scott",136466,%#EkWce5)4P4
Amy,White,matthewolson@example.org,"0683 Rachel Flat Suite 441
Christianport, NH 79941",1726461411,530-42-7278,1987-08-11,Make,"Hanson, Carlson and Walker",64851,@GMxckerP8bM
Anna,Lewis,spencerpatrick@example.com,"785 Scott Stream Suite 584
Port Hayleyshire, WV 21127",998-097-6750,468-78-6375,1934-06-13,"Engineer, agricultural",Hughes-Nguyen,67725,L%!t*Zwxg61j
Wendy,Richardson,evan30@example.net,"96542 Zachary Flats Apt. 955
Adamstad, MT 52062",000-710-2098x7848,791-20-2124,1940-07-19,"Civil engineer, contracting",Phillips and Sons,64539,Q34(Zs*i_b2K
Patrick,Flores,melissa65@example.com,"00695 Matthew Plains Suite 582
Sarahchester, WY 30766",281.809.6140x4420,375-16-2595,1957-04-05,"Accountant, chartered management",Torres Inc,61452,$72YxHlj$DQR
Allen,Simon,jonesamy@example.org,"92576 Payne Union Apt. 472
South Philipberg, AZ 43415",442.150.7945x8901,213-50-9949,1946-03-07,"Development worker, community",Farmer-Taylor,30623,916NLhhp(NbL
Troy,Mcdonald,josegriffin@example.org,"4735 Blackburn Center Apt. 840
West Patriciatown, KS 67432",+1-872-964-8631x83914,562-92-2522,1943-11-05,IT technical support officer,Grimes-Beasley,54938,&4LSpsN@1FAM
James,Conley,evansjoseph@example.org,"8972 Lawrence Ford
Smithfurt, ME 10307",607.045.9084,010-32-4896,1936-11-13,Adult guidance worker,Bennett-Russell,31590,bK@(CZvTDNA6
John,Santiago,nmanning@example.com,"99463 Campbell Groves Suite 950
Reynoldsfurt, VA 82937",(396)725-7916x24538,073-32-7915,2021-05-30,Recycling officer,Herrera-Bowen,45531,R0EhDVvL_ANM
Nathan,Torres,thomas98@example.net,"6457 Ryan Square
Curtisfort, AK 98625",444.955.1370,015-37-5948,1990-09-01,"Designer, furniture",Aguirre-Smith,130744,n_9KoqWKL6!N
Diana,Eaton,mia75@example.org,"PSC 5566, Box 6321
APO AP 01107",849-273-7118,071-72-8662,2018-12-14,"Chemist, analytical",Cruz-Willis,142094,+9c4ucRq3VYV
Jose,Chang,zgibson@example.net,"960 Dennis Court
Lake Rachel, SC 01945",849-539-2631,628-18-1353,1959-12-10,IT trainer,Good-Santos,82537,1M8DSee2#_up
Jacob,Wright,daniel67@example.org,"0855 Jessica Hollow Suite 516
Webbshire, IL 59366",001-609-447-7629x7682,594-24-5278,1921-11-26,"Radiographer, diagnostic",Jackson-Reynolds,95283,#x#lEAlgh8_T
Donna,Nunez,ashleygarcia@example.net,"8942 Michael Common
Ritterborough, WI 21214",(143)995-7482x6349,195-51-6839,1973-02-06,"Scientist, audiological",Moore Ltd,137280,54O*KUdm(34N
Juan,Lee,djenkins@example.org,"88423 Wanda Trail Suite 175
Michaelborough, NY 66395",+1-021-691-3867x356,826-14-3496,1975-04-02,"Therapist, art",Warren-Goodwin,144785,*i$ZXC$$T1Xh
Allison,Simmons,larry94@example.org,"Unit 0687 Box 2090
DPO AA 19576",127.709.2002,614-57-4093,2013-10-31,"Research officer, trade union",Mcdowell-Dixon,42868,PKmx@$FG_95F
Michael,Rios,vanessa04@example.net,"52445 Garcia Junction
North Thomasfort, LA 40036",+1-027-546-1615,773-39-9483,2009-04-30,"Civil engineer, consulting","Turner, Potter and Patel",84462,p$ecw$Rn*8t0
Wendy,Sanchez,harrisonjohn@example.net,"723 Armstrong Walk Suite 005
Lisastad, MT 03646",001-829-137-2327x77273,500-48-6130,1922-03-27,Administrator,Velazquez Group,37064,%(_4Sgxufd+5
Jeffrey,Gonzalez,lawsonerin@example.org,"9747 Richard River Suite 532
East Tinaberg, WI 97872",001-034-886-3864x9631,317-86-9644,1932-05-16,"Therapist, horticultural",Williams Ltd,143405,r*$@Ui_n9$3@
Elizabeth,Martin,hughesthomas@example.net,"686 Contreras Island Suite 057
Lake Angelamouth, MN 76331",(926)532-1260x3348,626-37-2333,1976-05-21,"Engineer, biomedical",Gallagher and Sons,80559,PyBaN#&b(2y3
Lori,Rodriguez,kevin63@example.org,"1104 Stewart Cliff
Port Lauraport, AR 58877",625-844-3300x2605,789-83-3992,2022-09-21,Materials engineer,"Patterson, Alvarado and Hill",36610,79K1Qhsj)@ZH
Robert,Reid,richardsonangelica@example.com,"2698 Christopher Tunnel
West Bradborough, GA 97703",001-892-578-5795x2095,378-32-1319,2001-06-28,"Designer, television/film set",Smith Group,34589,7Q9$@M9m&oUw
Victoria,Ryan,tramirez@example.com,"03349 Andrew Throughway
Melissaberg, ID 49462",+1-552-830-3316x2898,591-66-2965,1939-01-14,Housing manager/officer,"Jennings, Houston and Daniels",93594,zBAbbFX+@Y2F
Kyle,Williams,william22@example.org,"141 Miller Rue
West Misty, WV 89599",(568)980-8145x3893,740-09-0466,1940-11-20,Plant breeder/geneticist,Wilson-Davenport,107539,bJbTMHaP$9rs
Donna,Santos,xwood@example.com,"660 Williams Village Suite 841
Amyborough, TX 60086",(189)745-0160x831,819-09-2650,2018-11-26,"Development worker, international aid",Copeland-Sandoval,72574,w+8@L%og+eiP
Carol,Martinez,michael73@example.com,"80302 Leah Pike
West Jennifer, OR 22380",902.504.6544x0496,438-09-6631,2021-06-30,Occupational therapist,Skinner Inc,127624,V9O4R2vp&mKV
Christy,Anderson,michaelmora@example.org,"27696 Timothy Point Suite 744
Lake Michelle, GA 93575",(517)006-3535x3998,427-79-1514,1927-07-02,Commercial/residential surveyor,"Jones, Chambers and Robertson",130181,Cm8!I#Hy*n)v
Frances,Benitez,jennifer38@example.com,"8031 Chen Groves
Kellyville, CA 22883",(172)364-1654,231-25-6174,1963-05-03,Fast food restaurant manager,Lane Ltd,111702,QBF6MsFz8R*o
Joshua,Sanchez,patricksanford@example.com,"64842 Barker Corner Suite 202
East Christianmouth, NY 99517",3878956574,806-36-7428,1994-08-27,Engineering geologist,"Kaiser, Jensen and Singh",72448,yO8)Wj$jn*Ft
Brittany,Smith,jmartinez@example.org,"27491 Mark Isle
East Tiffanychester, OK 80686",031.171.6877x0813,479-45-6030,1956-07-27,Barrister's clerk,Rodriguez-Francis,85952,V+7&qHwtc4^I
Jennifer,Fisher,ztran@example.org,"463 Nicholas Inlet
Tracyton, LA 41530",(926)581-9502x9965,841-35-5376,1980-06-14,"Pharmacist, community",Escobar-Patterson,89156,$AZb%l)4$22O
Brenda,Wood,mortiz@example.org,"75412 Rebecca Junction
New Kelly, KS 00752",001-272-726-8865x0205,569-64-5599,2004-03-15,Museum education officer,Thornton Group,100333,2k01UVdkw_5W
Michael,Hood,wilsonheather@example.com,"95930 Hamilton Mission Apt. 262
Lake Jessica, ND 01378",+1-113-728-4309,096-29-5556,1956-07-14,"Loss adjuster, chartered",Alvarado-Heath,98864,#yHOjGsuDG04
Anthony,Fields,charlespham@example.org,"995 Todd Run
Davidmouth, AL 20225",9228868549,149-55-2575,1935-08-17,Insurance risk surveyor,"Farrell, Collins and Adams",113275,lN9Rh8ES!&QU
David,Price,ccarter@example.net,"31277 Amy Neck
Lake Robin, NH 00884",001-215-971-5566x42179,560-13-5084,1972-07-07,"Civil engineer, consulting",Baker-Ross,143610,w#4LL^ceOdJq
Victoria,Petersen,jamesnunez@example.org,"350 Richard Crescent
Christianburgh, HI 38997",+1-537-046-7088x3279,139-08-3368,1918-03-14,Animal nutritionist,"Ellis, Bailey and Barron",81617,Hx#BH5AkC1d(
Michael,Lawrence,robinsonrichard@example.org,"36811 Cristina Plains Suite 797
West Daniel, AK 42719",191.309.2503,812-15-2131,1933-04-30,Gaffer,Williams Inc,125139,7xq*lo#FT1gI
David,Oliver,buckleyanna@example.com,"02180 Davis Crossing Apt. 892
Port Michael, CT 66491",(717)666-5742x238,687-48-3409,1984-10-05,Artist,Fox-Hobbs,136720,cqN_ic8K(q2j
Samantha,Huerta,tanya02@example.org,"3532 Brandon Vista
Kennethview, HI 98918",001-918-110-9995,662-02-1851,1941-03-29,"Editor, commissioning",Barnett-Lucero,126629,2xwj8UYpA!kz
Linda,Jimenez,jklein@example.net,"PSC 4127, Box 1068
APO AP 71478",185-813-5880,719-26-8551,1966-02-03,Probation officer,Russell-Davis,119484,)E*_6Cp3oV73
Miranda,Martinez,millsjose@example.net,"31128 Nathaniel Island Apt. 402
Carrollshire, MA 47117",(086)159-2636x841,224-53-1162,1992-10-08,Dispensing optician,Smith-Adams,64769,Y@73DlGFNl&1
Christy,Smith,lawsonmitchell@example.org,"61320 Holmes Pines Apt. 753
Andrewview, DE 19649",001-519-233-9490x262,779-01-6372,1978-11-27,Financial planner,"Mckenzie, Bennett and Weaver",73251,R32n3_waa*TF
Joshua,Peck,thernandez@example.com,"Unit 4670 Box 0356
DPO AA 62727",+1-365-790-7267x18572,797-90-5505,1994-12-04,"Conservator, furniture",Wiley-Matthews,120628,t)WWDV3pYiD5
Bradley,Kline,lfrench@example.com,"546 Robert Pine Suite 065
North Christopher, CT 26661",(679)636-0698x2069,178-69-4103,1914-08-30,Proofreader,"Young, Malone and Romero",94075,ghjKuwfI%4Y&
Cynthia,Gutierrez,vasquezapril@example.com,"730 Mason Common
Hinesport, IN 33488",432-854-0045x634,167-33-6737,1997-11-13,Tour manager,Davidson-Burton,49280,gx*IQE6df)01
Bruce,Howard,leonardaaron@example.net,"4671 Paul Mill Apt. 949
Lake Josephton, NJ 01376",(213)006-0870,727-59-4233,1991-07-30,Electrical engineer,Lloyd-Meyer,65103,TU54yHjx%&FB
Shannon,Taylor,wacosta@example.net,"233 Patricia Courts
Lake Elizabethtown, NY 76038",+1-796-642-8381x7325,027-14-1865,1929-07-09,Product manager,"King, Reese and Hoffman",62015,yWc+txQc4*1W
Abigail,Scott,erinbutler@example.net,"2403 Kerr Tunnel Apt. 664
South Tanyafort, NC 25075",(740)267-6749x63124,707-57-4939,1972-06-02,Merchant navy officer,"Li, Norris and Russell",60663,UwX+&yDyaY2Y
Katherine,Harrison,lgrant@example.org,"81765 Michael Island
Shieldsborough, FL 86329",600.359.3690,572-92-0993,1910-03-10,Academic librarian,Hall-Howell,75320,G!7xeoVujCXm
Jonathan,Lee,robertjennings@example.com,"74391 Carlos Loaf Suite 072
Andrewburgh, AL 42505",+1-772-684-2609,255-84-4970,1959-05-16,Ceramics designer,Simpson-Huynh,73359,(08QRT1ztC^*
Jason,Jackson,zgriffin@example.org,"735 Vaughn Light
Katherinestad, PA 83576",+1-405-137-6637x21951,535-56-9309,2024-06-13,Dramatherapist,"Gomez, Fuentes and Carr",133404,v$7JjZA0P60X
Thomas,Morales,patrick52@example.net,"6958 William Glens Suite 562
Victoriastad, VA 23632",(419)659-5936x990,376-46-5194,1977-03-24,"Psychologist, prison and probation services",Garcia-Nash,119969,@SaVJkj83!3D
Amy,Campbell,donovannicholas@example.org,"018 Mccarthy Island
West Joshuaville, WV 02470",969.329.8872,782-75-0978,1919-03-17,Archivist,Hill PLC,118195,s%EnM9UeJkd#
Thomas,Perry,linda22@example.org,"97199 Gomez Glens
North Angela, WI 46400",797-735-1859x7731,070-03-4712,1920-11-07,Drilling engineer,Boyer-Johnson,82196,9&J3v*9rAj0B
Carly,Lowe,plittle@example.net,"492 Doyle Causeway Apt. 262
Josephshire, SC 85549",4500175503,172-74-5367,1927-06-18,"Pharmacist, community",Nichols and Sons,111084,pUu5Ie$d%6C0
Victoria,Parsons,williamgarcia@example.com,"USNV Wright
FPO AP 18870",676-311-2146x5600,797-90-5331,2001-10-18,"Engineer, electronics","Harrison, Moyer and Petersen",43543,I$a5PkXq+9P1
Doris,Rodriguez,uwood@example.net,"053 Peck Flat
South Christianville, WA 66355",933-323-9983,339-95-0269,1940-07-14,Pensions consultant,"Evans, Hamilton and Gonzales",130648,z8rudyfk@KWp
Patricia,Hughes,harrislisa@example.org,"4379 Thomas Curve Suite 714
South Staceyshire, MT 51834",+1-983-861-2254,475-97-9363,2014-02-28,"Optician, dispensing",Torres-Silva,123090,s8uvRCg$(i6T
Jimmy,Barrett,fostermark@example.com,"5520 Alexander Estates Suite 741
Bondberg, ID 92227",001-988-652-4673x4425,623-78-3168,1975-12-03,Land/geomatics surveyor,"Quinn, Hampton and Deleon",44547,auZZeXRs#m17
Christina,Brown,stephen96@example.org,"952 Ryan Views
East Jessicachester, WV 55683",001-993-990-0397x53104,546-95-5314,2000-11-30,Maintenance engineer,Herring-Zavala,122658,+$_bmShLc6d%
Anna,Bush,colemananthony@example.net,"96330 Roy Motorway Suite 032
Houstonhaven, WI 28033",001-038-789-8653x764,641-90-7197,1967-06-13,Print production planner,Green-Cannon,36875,$1E!vYn&d1JF
Andrew,Mcbride,cyoung@example.net,"USS Gould
FPO AE 79174",743.248.2750,033-70-3121,1969-09-01,Community education officer,Christensen-Davidson,84340,0jzF@9PemtPU
Robin,Perry,kaitlinlove@example.org,"225 James Lodge
Jeffreytown, GA 68840",+1-954-089-5528x307,824-57-8202,2001-07-09,Insurance underwriter,Burns Group,67663,e(5MvLge3O4u
Jennifer,Turner,matthew01@example.net,"8508 Jean Knoll Apt. 131
East Elizabeth, VT 33374",916.534.4849,637-85-9173,1966-03-24,"Scientist, water quality",Mendoza-Owens,37090,)!FCvwn8w1QT
Jessica,Dominguez,mnixon@example.net,"52859 Isaiah Oval Apt. 604
Martinland, AR 72008",735.414.3028x4258,072-73-8132,1936-01-07,Academic librarian,Galvan-Jones,41311,La)(4wStJg5m
Jessica,Monroe,shannon54@example.org,"669 Kennedy Walk Suite 036
New Ianbury, MD 25087",358.130.9453x0785,868-49-2391,1987-04-06,Radio broadcast assistant,Warner Inc,115273,6eFR4CkO1R_6
Daniel,Tapia,davidramsey@example.com,"20489 Oneal Ramp
New Danielle, ME 41955",+1-614-436-3574x30680,097-36-8177,1984-01-10,"Teacher, English as a foreign language","Owens, Gonzalez and Reynolds",76015,dDN5IQwuz$5X
Marie,Edwards,acantrell@example.net,"66858 Brady Plaza Suite 538
New Dale, AR 55318",001-848-099-5123x037,236-57-1807,1987-09-04,"Designer, ceramics/pottery",Vincent-Torres,76978,ty##Y5ZkrAec
Glenn,Edwards,gcohen@example.org,"392 Rebecca Light
New Kari, GA 41863",878-053-8241,399-52-4497,1979-03-03,Intelligence analyst,Maxwell-Moss,127437,&34lBodmG7bR
John,Mcdowell,baxterelizabeth@example.org,"3223 Michael Flat Apt. 953
Port Jayville, MN 97905",805.206.7660,495-11-3385,1950-05-01,Computer games developer,Franco Group,111892,IbnXQleF!i9Y
Jeffrey,Watkins,tonystephenson@example.com,"6466 Chapman Summit
Thorntontown, AZ 29223",033-640-0658,167-42-0139,1950-10-12,"Surveyor, mining",Mccarthy PLC,125511,8UTVyWa8)_aZ
James,Hodges,rodriguezjames@example.net,"USNV Floyd
FPO AA 07219",748-037-1477x32758,473-07-9812,1996-04-19,Chartered accountant,Page Group,75542,@7QG!r(v4Nj8
James,Gardner,vrhodes@example.com,"8349 Bailey Meadow Apt. 087
Port Kimberly, AL 55975",(429)884-3354x705,408-86-3885,1975-11-27,Financial risk analyst,"Duran, Romero and Padilla",73495,e&7UkOjtco*h
Lauren,Bruce,jmiranda@example.org,"PSC 3573, Box 6511
APO AA 33481",+1-005-067-4529x9974,525-88-5589,2017-04-22,Visual merchandiser,Hicks-Wallace,83267,c5_@S@(3#TK)
Ronald,Bailey,kimberly49@example.com,"857 Alex Village Apt. 459
Heathtown, WA 31388",830-384-1893,298-49-2994,1949-06-20,Dancer,"Ramirez, Herrera and Farrell",117785,luD$MSXEX8&g
Jason,Finley,melissablake@example.org,"259 Kyle Walks
North Cynthiaborough, WY 12141",274.734.2316x0349,528-10-0441,1913-02-05,Holiday representative,Garcia-Ellis,138043,#Rp(2Epli_0K
Lisa,Armstrong,aliciawilson@example.org,"0835 Martin Gardens Suite 078
Cookfurt, HI 57813",+1-483-893-4527x0728,390-36-5702,2006-10-04,Financial trader,Walker Group,145633,xYX#3JIthpU4
David,Patterson,ashleyle@example.net,"576 Andrew Avenue Apt. 973
Brendaborough, WI 44013",001-187-422-7939x02234,656-58-4189,1968-03-28,"Psychologist, forensic","Cunningham, Mays and Stephens",45303,&6mJbBUprt30
