first_name,last_name,job_title,department,email,address,phone_number,salary,password
Julie,Mccoy,Accounting technician,Occupational hygienist,arnoldjoshua@example.com,Port April,(045)701-8363x4990,91479,vO0VPfoS
Virginia,Gardner,Hydrogeologist,Health and safety adviser,ewalker@example.com,North Stacymouth,+1-207-406-4329,80830,nWQmJfOn
Crystal,Hogan,Higher education lecturer,Toxicologist,ricardo85@example.org,South Melanie,778-765-2802x445,8315,Tqo0XzOK
Luis,Mahoney,Corporate investment banker,Training and development officer,pwolf@example.com,West Deborahchester,001-617-742-6209x974,12523,9sSBuP9U
Mary,Cooper,Radiation protection practitioner,Advertising account executive,sandragray@example.org,Lake Georgeview,794.358.7360x230,28099,ciKA16Q5
Marie,Melton,Naval architect,Chiropodist,mblack@example.com,South Linda,(169)846-2227x857,25633,3Cmv0K2y
Joshua,Brown,Environmental manager,Ceramics designer,robert59@example.org,Amyville,(637)084-4865x9871,62211,vnIpg2Rp
Michael,Powell,"Engineer, technical sales","Therapist, nutritional",laura60@example.org,Elliottside,946-289-8522,66957,sV3hdC1q
Brandon,Wright,Ergonomist,"Solicitor, Scotland",bwiggins@example.org,Cynthiabury,693.831.1386,66082,t3ApLjnv
Jeffrey,Stephens,"Surveyor, rural practice","Production assistant, television",michelerussell@example.org,North Jill,377-409-1722,71175,qwixKtKf
Nicholas,Bailey,Sports therapist,Advertising art director,melissa44@example.net,North James,876-182-7386x1522,26039,c7CMBNjG
Adam,Zimmerman,Diagnostic radiographer,Network engineer,edward24@example.com,West Jeffery,+1-386-197-4537x885,33412,AL1dXn4q
Joshua,Bailey,Ceramics designer,"Designer, blown glass/stained glass",ashley65@example.org,South Noahport,412-623-8830,50077,boc4ieF2
Stephanie,Kennedy,Speech and language therapist,Information systems manager,markanderson@example.org,Mcbridemouth,695.816.0196x476,33100,W3YJjtiv
Walter,Perez,"Scientist, water quality",Civil Service administrator,powersscott@example.com,Reynoldsport,+1-324-942-0587x192,46667,EyMT89zK
Seth,Clements,Photographer,"Merchandiser, retail",joel92@example.net,Port Meghan,880.789.6748x94377,75008,8RCglXam
Robin,Barron,Mechanical engineer,Health physicist,james61@example.com,Ryantown,871.441.2646x18187,42751,qZgQSkTj
Bryan,Fuller,Recycling officer,Armed forces logistics/support/administrative officer,rgonzales@example.net,Jarvisburgh,001-754-209-9291x79322,81128,om1QOhoF
Brent,Rodriguez,"Therapist, nutritional","Engineer, structural",tmitchell@example.org,Lake Yvette,504.777.7527x94036,65143,Ny7kHT8o
Karen,Baker,Writer,Counsellor,carlosschultz@example.com,Grossport,876.123.6408x277,5727,YP731b94
Kristina,Ferguson,Hydrologist,Product manager,murphyryan@example.net,Romeroside,889.998.8605x821,81651,NfbciF7j
Erin,Morris,Merchant navy officer,Contractor,dixonkevin@example.net,Matthewview,165-304-2679,1023,QoySivK4
Tyler,Lambert,"Accountant, chartered","Sound technician, broadcasting/film/video",kimberlyjefferson@example.com,Shannonstad,0507834173,62630,WiPqrafx
Dakota,Carey,Herbalist,Museum education officer,williamsmith@example.com,North Nicole,001-764-145-8085x56365,19844,5SiXcP6b
Kevin,Carpenter,"Engineer, building services","Optician, dispensing",walter46@example.com,Port Jack,001-921-733-5931x75306,5946,14umYdUg
John,Young,Nature conservation officer,"Scientist, research (maths)",croberts@example.com,North Emma,243.637.1539x8756,92014,4uCSSgqm
Christopher,Compton,Insurance claims handler,"Investment banker, corporate",jennifermyers@example.com,Dennisview,+1-808-883-1945x52087,74723,gbghvIl3
Kayla,Kane,Medical technical officer,Higher education lecturer,sullivanrichard@example.net,Williamstown,(566)682-8603x769,91704,hdHnycay
Jacqueline,Johnson,Psychiatric nurse,Electrical engineer,melissamullen@example.org,Jennatown,(222)272-9818x4096,42412,MWJ9jZDW
Monica,Bennett,Equities trader,Dancer,henrymatthew@example.com,West Mckenzie,212.870.3855x088,32793,prSYTmNP
Lori,Diaz,Radiation protection practitioner,Chartered loss adjuster,martindonna@example.net,Lake Joseview,001-567-184-1029,93990,ykQagPji
Michael,Gomez,"Surveyor, mining",Higher education lecturer,melissa30@example.net,Port Shawnfort,+1-185-829-1805x94968,38638,7cMiRq67
Nicholas,Gordon,"Engineer, site",Insurance broker,iterry@example.com,Osborneberg,001-837-891-3381x103,46398,HTmZrtpQ
Jeffery,Brooks,Plant breeder/geneticist,"Designer, furniture",michelle14@example.org,Michaelfort,+1-070-864-4106x11519,44047,QUeFRaBh
Michael,Newton,"Engineer, civil (consulting)",Forensic psychologist,debraclark@example.com,Johnsonshire,044-671-7235,68276,xUsXJmF1
Chelsea,Meyers,"Therapist, music",Illustrator,james33@example.net,Davismouth,001-002-541-4937,89473,JoZGO6lk
Kimberly,Moore,Industrial/product designer,Magazine journalist,melissa09@example.com,Ronaldland,(603)646-3399,64757,0xV6nICm
Gary,Warner,Brewing technologist,Geochemist,susan91@example.net,Port Laurashire,350-736-5016x983,87519,mD45xPdW
Elizabeth,Miller,"Investment banker, corporate",Futures trader,itaylor@example.net,Port Amyborough,001-815-026-8182x240,27671,siTul51k
Ronald,Owens,"Surveyor, minerals",Geoscientist,emathews@example.com,New David,+1-237-486-3719x38943,94484,Hy1trErf
Stephen,Richardson,Music therapist,Set designer,marylittle@example.org,Port Sergioside,+1-415-461-6190x094,25642,kzEi6DUZ
Scott,Smith,Town planner,Patent examiner,tapianathan@example.com,New Michael,001-541-146-8877x1547,18863,ptOaegxh
Peter,Thornton,Biomedical engineer,Warehouse manager,sandra80@example.org,Christopherport,354.108.7142,39413,a07nsXOz
Joyce,Price,Education administrator,"Engineer, maintenance",cherylwhite@example.net,Hendersonmouth,987-475-1813,77481,bky505JO
Travis,Bowen,"Engineer, mining",Field trials officer,rachel70@example.net,Elizabethhaven,(454)673-5017x0840,60539,7uKGLA64
Lauren,Kaiser,Engineering geologist,Gaffer,gregory26@example.org,Justinchester,429-016-2375x5652,50107,12jByKC0
Robert,Martin,Town planner,"Designer, interior/spatial",jfox@example.org,New Anthony,+1-023-804-5286x012,58030,ZLTZ8D4m
Ryan,Rasmussen,Transport planner,"Administrator, arts",justinjohnson@example.net,Jessicamouth,814.888.4342,95905,J5CJRUEp
Joshua,Harrison,Advertising account executive,"Designer, ceramics/pottery",howardderek@example.com,Hubbardmouth,001-281-482-3695x94532,77341,qQD1083r
Kimberly,Adkins,"Therapist, sports",Psychotherapist,andrea37@example.org,Harrisville,967.522.1545x680,3954,Vh6T2QcI
Calvin,Gross,Customer service manager,Chartered loss adjuster,cvalenzuela@example.net,Abigailport,026-988-0115x68740,76871,KJ52HddL
James,Jones,Advertising copywriter,Contractor,ryan80@example.com,Jadeland,001-960-550-8403x89895,62348,9JRBAkiX
Laurie,Smith,"Engineer, manufacturing systems","Surveyor, commercial/residential",florescaroline@example.net,South Toddland,001-410-768-8527x987,55329,czrvkrcF
Daniel,Atkins,"Lighting technician, broadcasting/film/video",Clinical research associate,lindsay75@example.net,Lowerychester,7485369858,8852,vpQ9pUkX
Dana,Donovan,"Scientist, biomedical","Therapist, sports",aandrews@example.org,Julieport,1956517190,7187,bx0qJg1R
Michael,Ray,Environmental health practitioner,Theatre director,nicholasyates@example.net,West Stephenborough,(524)454-2383x912,28722,2c5HW3dv
Joshua,Yoder,Paramedic,Archaeologist,anthony67@example.org,South Jackberg,(189)645-9155x310,13591,WAwDB7h3
Elizabeth,Jones,"Engineer, land",Furniture conservator/restorer,brandonobrien@example.net,Davidsonshire,756-701-7222,26518,uESu9BLU
Chad,Smith,"Designer, graphic",Historic buildings inspector/conservation officer,lauren49@example.net,West Austinborough,001-220-669-7822x6358,36170,IpBLcpEs
Eileen,Haynes,Neurosurgeon,Barrister,heather20@example.net,East Craig,1183462270,99414,QGjlAIBo
Roger,Campbell,IT sales professional,Patent attorney,pamelanavarro@example.net,Jenniferview,001-678-571-8290x21400,40845,8elzv8oo
Matthew,Lowe,Field trials officer,"Embryologist, clinical",jasonyoung@example.net,Nguyenborough,539.370.0951x87168,83684,mEJKfYcD
Jennifer,Graham,Operational investment banker,Veterinary surgeon,xcampbell@example.com,West Roberta,(165)410-3609x608,27979,WXC0mKu4
Stephen,Cochran,Insurance risk surveyor,Transport planner,jeanne69@example.org,Kellyside,559-418-5487,10143,tOlVokoC
Jesse,Jacobs,Photographer,"Geneticist, molecular",brendaburgess@example.net,New Stephenchester,+1-271-860-9761x71647,17411,VCOGvbsa
Denise,Coleman,"Engineer, aeronautical",Acupuncturist,lesliethompson@example.org,Gallagherhaven,177.607.8114,47224,ZUXCeEen
Michael,Salazar,Sales executive,Meteorologist,andrew19@example.net,Smithhaven,(832)903-1237x562,35417,U4FAphMl
Sara,Melendez,Equities trader,Brewing technologist,qhansen@example.org,Estradachester,001-593-268-3707,84458,p2z5DSd3
Michael,Obrien,"Engineer, manufacturing systems",Associate Professor,robert68@example.org,Warrenton,+1-736-548-7612x679,74088,l29rt0mY
Chris,Brown,Ergonomist,"Physicist, medical",qpark@example.net,Carrollside,+1-151-802-5445x1426,14998,oeQYgtff
Debra,Garcia,"Teacher, primary school",Health and safety adviser,mrodriguez@example.net,New Mistymouth,327-391-4193x4141,52487,PyZmmJeC
John,Boyer,Bookseller,Psychotherapist,gary60@example.com,Lake Patriciamouth,(461)790-0706,85415,fjNbtcp7
Pamela,Berry,Commissioning editor,"Programme researcher, broadcasting/film/video",jennifer41@example.org,Joshuaport,(760)291-0095x99899,38344,AkUtV8Yv
Emily,Williamson,"Engineer, biomedical","Designer, jewellery",lori63@example.net,Timothyshire,593-189-8452x176,11788,4KHPUMih
Ian,Martin,Wellsite geologist,"Librarian, academic",mariebishop@example.com,South Jennifer,489.929.4442,44829,6gDictIh
Mario,Meza,Equities trader,Furniture designer,simmonspatricia@example.net,South Jameschester,555-249-5668,29320,kPmzRgmL
Billy,Gutierrez,Dispensing optician,Fitness centre manager,joel19@example.com,West Christopherhaven,2203439901,62865,zaU8yLNd
John,Case,Risk manager,Human resources officer,isanford@example.com,Brettmouth,313.908.5945x0915,67921,0rVR39N0
Benjamin,Chapman,Consulting civil engineer,"Teacher, secondary school",ericablair@example.com,Johnsontown,(728)931-0362x247,7078,Zg0Srl0S
Dennis,Watson,Film/video editor,Forensic scientist,chrisfisher@example.org,Jacquelineshire,+1-758-629-9012x369,15770,oXnUHsUj
Sandra,Maldonado,Television/film/video producer,IT technical support officer,bhardin@example.net,Evansfurt,1198964367,35418,q0iijUv5
Scott,Jimenez,Arts development officer,Armed forces technical officer,aarias@example.org,West James,+1-425-472-4693,47216,5P6hEnKV
Laura,Bell,"Administrator, Civil Service",Customer service manager,cynthiaelliott@example.org,New Katherine,+1-697-580-3404x76278,92237,ycAi4UKZ
Morgan,Rasmussen,Electronics engineer,Advice worker,georgegraves@example.com,Guzmantown,(358)430-4433,91030,pjYGLISv
Holly,Daniel,Nature conservation officer,Music therapist,melissaschmidt@example.com,East Christine,849.685.0172,7446,gWjdOqtF
Theodore,Dawson,Hospital doctor,Phytotherapist,choijason@example.net,West Audreyton,857-909-3984,76946,1dwG0YzF
Gavin,Brooks,"Therapist, music",Illustrator,lfernandez@example.com,West Michaelmouth,+1-017-748-4568,47971,UzTVQYTI
Thomas,Miller,Dealer,"Teacher, special educational needs",jon75@example.net,Lake Alexanderview,+1-729-816-1021x3297,79379,LvCe7dlP
Taylor,Parks,Cytogeneticist,Financial planner,michael78@example.com,South Matthew,8024306358,84120,oagJ8dKB
Joshua,Henderson,Fine artist,Customer service manager,bsullivan@example.org,North Douglas,2128113477,28419,gGRpWle0
Antonio,Murillo,Electrical engineer,Higher education lecturer,frodriguez@example.net,East Kellyport,+1-123-658-2530,48368,UKp5F5k6
Robert,Walker,"Chemist, analytical",Child psychotherapist,melissagonzalez@example.com,Greghaven,+1-400-974-7916x3562,12486,lvXRX3DQ
Kim,Ramirez,Hydrographic surveyor,Audiological scientist,hendrickssteven@example.org,Jenniferbury,(068)365-2801,75193,V45AHOmJ
Christina,Miller,Fast food restaurant manager,Surgeon,cking@example.com,Thompsonberg,807-591-6247,83855,8K6BbEWX
Andrew,Fernandez,Chartered accountant,Occupational hygienist,mary65@example.com,Zimmermanmouth,181.046.0131x8028,37798,IPAyKoZ9
Lawrence,Richardson,Tree surgeon,Medical sales representative,thancock@example.com,Byrdland,+1-101-551-5638x14460,80416,2AWlsR9H
Caleb,Cooper,Quality manager,Building services engineer,gouldandrew@example.org,Harrisonton,551.771.7771x93332,80079,Naxxfz8F
Adam,Martin,Interpreter,"Copywriter, advertising",davidsonkevin@example.org,Port Justin,4516143477,38511,1UUm5bAK
Michael,Garza,Advertising account executive,Hotel manager,yvettemoyer@example.com,Brittanymouth,001-408-643-0468x776,48869,6OCJNdc7
Amy,Cox,Amenity horticulturist,Merchant navy officer,april47@example.org,Juliaton,173.142.3016x5903,1873,km2Ni55A
